Date,Wind,Solar,Hydro,Energy
2020-01-01,49.963209507789,58.87131998138216,46.66196359547577,39.478364893036435
2020-01-02,96.05714451279329,47.52674564408843,78.77108526405223,89.49552586538734
2020-01-03,78.5595153449124,31.666933140042943,108.56512522887675,63.54500032642646
2020-01-04,67.89267873576293,66.96565137948642,95.9002397768605,64.98908900231503
2020-01-05,32.48149123539492,57.93118207877155,102.59050330753047,59.25105306288322
2020-01-06,32.47956162689621,21.38318575414239,89.29050300396456,52.7115991721801
2020-01-07,24.64668897345596,73.76490291456898,92.30489080660672,59.835157614972616
2020-01-08,89.29409166199481,67.57760700462183,106.42760864087873,89.02539526082151
2020-01-09,68.0892009394567,76.48599393043469,52.470120797326736,70.45819451665052
2020-01-10,76.64580622368364,60.8003655871852,74.04824672788264,75.63973992747545
2020-01-11,21.646759543664196,52.93906371550529,49.9088497637642,40.48151178817035
2020-01-12,97.59278817295954,39.27701254034332,118.89012071969823,85.76347911236928
2020-01-13,86.59541126403374,75.29099383478093,114.9653405717952,89.39907741656957
2020-01-14,36.987128854262096,70.62447226502859,33.54841302316553,46.07762307177512
2020-01-15,34.54599737656805,13.165306907433258,93.50176552641196,36.153120921463014
2020-01-16,34.6723607882747,11.845688214807641,113.27234856740992,42.14098118772776
2020-01-17,44.33937943676302,36.352435681463476,46.25178106146002,33.86099256413563
2020-01-18,61.98051453057903,66.7387331547283,81.11507074973665,66.74319322768157
2020-01-19,54.55560149136926,79.1093290520461,112.39394678292376,68.54643328212863
2020-01-20,43.298331215843355,20.529182377246972,33.055138072721896,28.90100134956129
2020-01-21,68.94823157779035,51.58915007464946,92.76782405221559,69.40389637750053
2020-01-22,31.15950885216335,36.66235996417151,56.761410663529574,44.89075597976204
2020-01-23,43.37157188281745,77.89400784702222,113.19565758388774,72.28470284230451
2020-01-24,49.308947463495336,68.9483246194996,117.39524206488309,60.965516512458294
2020-01-25,56.48559873736288,68.68300932977965,114.98398402020905,66.89635828880546
2020-01-26,82.81407691144109,42.80852118564792,72.67927949917174,73.48930665119035
2020-01-27,35.97390257266878,39.037365163636565,107.58383858903821,46.302491585541446
2020-01-28,61.13875507308893,29.138495035149436,106.00944586815633,59.38964947073545
2020-01-29,67.39316550896339,13.946284765564897,58.71904259189301,52.37453719765252
2020-01-30,23.71603301759982,70.53056633785373,104.60239267356096,49.095942670550045
2020-01-31,68.60358815211507,66.90307063910544,33.33068712439434,61.56573022339783
2020-02-01,33.64192989498332,79.98023713002914,83.66428906338477,50.87776642458633
2020-02-02,25.20412743882236,79.76457859517338,50.70079535589328,43.66475814938578
2020-02-03,95.91084298026666,48.88021939218392,40.85101971995509,72.3886009224922
2020-02-04,97.25056264596475,63.82911906263573,36.925788146628825,67.19420600344051
2020-02-05,84.67178784931689,76.13360109176996,92.66598982903258,85.91154590779794
2020-02-06,44.36910153386965,69.47531734741881,60.58874673912595,55.04670632435225
2020-02-07,27.81376912051071,27.314367122023835,95.22900943758853,43.909446356465956
2020-02-08,74.73864212097254,41.53808947170654,35.88207067190481,58.126732706702505
2020-02-09,55.21219949916811,19.04115906060465,58.37613040475493,51.81437569858566
2020-02-10,29.763058787582306,76.78357190811056,78.55421631378036,54.25356674221993
2020-02-11,59.614152808901615,52.432224411561606,101.16508483550672,63.62273298939437
2020-02-12,22.75108168921747,26.00499638524239,58.68772526388629,31.526072328120126
2020-02-13,92.74563216630257,57.01904790840997,86.33022387933082,83.46106537672237
2020-02-14,40.70239852800135,53.26897683205271,109.73799734125684,58.523792133496386
2020-02-15,73.00178274831856,35.071390262298834,85.42768693640741,64.31080429614983
2020-02-16,44.93688608715288,17.94903145397403,50.966352727827044,34.53646458630028
2020-02-17,61.605441694224865,57.01012369149597,32.196070340088426,51.03046743482417
2020-02-18,63.73682234746237,46.421539063265534,108.3088986510837,60.44362626392911
2020-02-19,34.788356442042165,64.06228742149474,31.91424697653484,51.74359755871117
2020-02-20,97.56677022116469,46.41144507783954,108.72315054157795,78.23213256529337
2020-02-21,82.01062586888916,69.65270502229781,77.60434206244908,73.9574668646442
2020-02-22,95.15991532513513,48.633478714213986,114.51609286616066,81.4811835222179
2020-02-23,91.5861880342119,49.265658007477036,101.89049121962988,85.42551154799725
2020-02-24,67.83199830488681,71.36575218608415,119.81406994800037,77.81379040640859
2020-02-25,93.74993880184934,38.243800634867796,61.564063390653914,76.89963263288446
2020-02-26,27.07940016415356,19.38106599154485,99.04694600380142,35.79595595908118
2020-02-27,35.67862899353162,12.014787341933728,66.1737822248318,36.073477955431294
2020-02-28,23.618183112843045,62.85960789715333,73.18880582735179,41.12799982473909
2020-02-29,46.02642646106115,53.42166859474253,86.47549168965331,67.06055778575094
2020-03-01,51.09418317515856,59.28558376694565,108.63094027677049,59.120962677869514
2020-03-02,41.70792254191167,24.90749130562375,118.56751222793656,53.58881465936542
2020-03-03,86.29900073215435,19.546003291073884,99.14460724780663,72.01110720762115
2020-03-04,48.540266135487144,11.018126596751735,67.59901039506005,43.16436861303859
2020-03-05,42.47476077499046,34.54112911646179,67.92213020493631,44.25770686903249
2020-03-06,63.41568665265988,51.29423807982432,96.38240714300024,65.72349268021016
2020-03-07,31.27393799798101,37.45708315698126,51.48994311914721,37.391139929809874
2020-03-08,84.17575846032318,40.62324454166104,39.94267018182552,61.528376620882554
2020-03-09,25.964051494381664,73.29110861456239,61.91599418766989,52.171952753068076
2020-03-10,98.95095492804138,34.37788269163103,55.85150924886736,82.01175912924023
2020-03-11,81.77958154373259,45.979264241186755,56.66773084103911,63.22965728739097
2020-03-12,35.89725452273379,64.85571089188002,51.0246975944919,40.76126514993389
2020-03-13,20.441769369888192,37.75799476248891,33.788387067272566,27.86455028538901
2020-03-14,85.23691427638673,53.54606901595115,31.60865412600724,77.90255535645174
2020-03-15,76.54858750780937,70.36545961227216,118.89501507624284,79.14456181298625
2020-03-16,78.32057344327899,76.46644365603495,68.49958203622761,83.99572025291583
2020-03-17,81.70162773487566,20.295143665032654,64.58939824437135,68.2457406862041
2020-03-18,25.92357213872723,74.86113376130461,91.16825544237628,50.88583607769028
2020-03-19,48.67725828354181,44.44814051556767,49.642849907855776,50.446556673938744
2020-03-20,29.269524762010377,28.077107180927083,115.49650655552028,54.299178962030055
2020-03-21,89.04827407004748,42.13950293667829,100.77105129739968,75.42455947056972
2020-03-22,69.86385014620464,78.6022802699834,38.04699020810335,65.10410539520619
2020-03-23,46.471841988211935,44.48326657950087,67.58226982064355,47.188950362341714
2020-03-24,25.084668022881893,33.012612720125574,109.12064768059483,39.19646371013325
2020-03-25,44.878585737252976,54.338059802170804,115.02588200622692,58.49949948519308
2020-03-26,46.014665762139764,26.810193314473516,72.06613601248827,39.3439167440983
2020-03-27,78.36849426704512,15.310432967606474,85.2070250289637,60.989199370893374
2020-03-28,71.00459770841705,19.021580533745446,45.03305514828677,46.36551788869631
2020-03-29,90.97701940610612,18.96320872704407,119.20517635232788,76.1874371505856
2020-03-30,57.777194012955945,20.633188545860605,50.850453124509905,37.469165964119995
2020-03-31,29.567539675064136,19.71790208545871,114.84585967216131,45.32271355867423
2020-04-01,77.0595829778396,54.86123213622502,88.46819840931316,76.84944561969456
2020-04-02,80.8628038893518,22.731605907940136,84.69631153909732,54.22146781202013
2020-04-03,64.9021758055597,34.19670983267042,76.14196599148578,59.80877690011599
2020-04-04,81.67737439636488,72.77518869342083,50.76028305459828,78.96164537949481
2020-04-05,59.50364770915126,43.177314818401065,45.887522880495744,45.83431778273907
2020-04-06,61.818626350559526,56.7290416964719,49.843758816315784,66.25963938167301
2020-04-07,54.20328146868397,22.06239098411409,46.77944359298291,45.171341795003016
2020-04-08,22.033530139527613,23.460231316606954,100.16260262100779,34.56229571015541
2020-04-09,28.631314159464356,12.86080313865352,61.51127332500571,30.197307298040847
2020-04-10,22.51433485493874,21.825454415051517,35.20584089070567,27.63760649273457
2020-04-11,70.91283290110243,29.501323732237104,117.21923671267302,68.13068786981901
2020-04-12,45.148478486106136,22.39073389937228,109.54072964670831,53.893385304438254
2020-04-13,60.685655293176225,16.20917736299389,113.49770548756916,53.30175398760329
2020-04-14,92.60531791408744,18.444510977042057,119.54170403817918,76.59115717797258
2020-04-15,39.94337833191,42.254513762290806,45.65057242975386,34.70958529606811
2020-04-16,52.830633842850375,24.443360288405476,65.66178170123928,46.32455104145118
2020-04-17,80.4440910834439,35.498890273365284,98.24146281336822,66.00046697908122
2020-04-18,38.3038532393298,45.239208959839985,92.6418556248413,47.57441071963632
2020-04-19,26.158392786303438,58.32763800405557,43.850631570586955,45.528079984537975
2020-04-20,43.180116233101444,12.751849788876925,103.42498124915559,51.55715990601627
2020-04-21,32.897702980320354,65.95872792363298,50.19965146529946,49.322090764845846
2020-04-22,94.37581218740584,53.95302726436354,50.143585334036075,67.94096751645631
2020-04-23,84.64963036515336,15.723132236421034,78.32769806040722,61.12525221711042
2020-04-24,70.67230052083389,71.15050368747441,83.3645941357533,79.41970869370586
2020-04-25,89.71684721501742,74.46106803722692,82.20775870540301,84.34688032795691
2020-04-26,84.29376615192916,14.275457189840463,38.23381536579794,65.67293100598478
2020-04-27,34.925604710882865,29.38143537030426,108.97147763673424,50.038117690851415
2020-04-28,91.40471987919823,66.4340895855143,53.90400383298355,77.37363316430027
2020-04-29,63.147379353252056,62.37817832685609,41.65634291545238,57.07282943676083
2020-04-30,84.595212413125,22.916471354946413,109.98732718820794,71.83771757459942
2020-05-01,91.68730399387945,24.654452633569722,116.0086348406778,75.67936557324347
2020-05-02,45.44027799774911,35.93304719539674,107.59148555389055,58.55889365171464
2020-05-03,28.80415396221414,43.916608963371495,102.85644672523902,52.93186059913924
2020-05-04,38.234813003355335,53.27783400712072,88.97177825751196,48.965165052776534
2020-05-05,54.1686230901005,35.82395476988407,79.57716335482255,47.09076587919108
2020-05-06,85.44118127379944,42.37743012932035,37.828808392026914,53.818554488584724
2020-05-07,88.85844666050747,62.32296566936296,66.76078917636289,79.01822750089791
2020-05-08,20.556170442495258,12.567824202341853,63.54196653110826,21.23999275730247
2020-05-09,60.85978420620526,27.67058610408145,53.37784053842935,38.64218307725052
2020-05-10,53.39288025190232,59.934471011918674,95.10781023197265,65.6412364985761
2020-05-11,37.76862483765842,72.66447863810396,74.62881615708937,68.07441682884222
2020-05-12,29.589229386694626,45.817420948096625,37.294159431688314,35.968318306414496
2020-05-13,47.00921371229023,47.247943968572095,49.816488175483016,51.834741554071556
2020-05-14,95.43277631300154,17.502040793784325,91.49328872936363,71.67480493324662
2020-05-15,45.856234561660415,41.318865677641824,36.851777354127016,42.19968418899244
2020-05-16,61.50324973946929,47.28320865185162,106.60862226438918,70.85369433310682
2020-05-17,76.24151671161422,26.972935254431075,74.56318743125769,59.67390369744472
2020-05-18,49.09036819034352,28.84702616645667,73.25279195939832,49.18681190734794
2020-05-19,97.74256661767686,36.409891417323585,83.31670061935658,78.06607988888689
2020-05-20,96.99578359536889,11.404983844440846,104.22128693326343,69.42319206945413
2020-05-21,40.14258366602913,32.54554159082248,61.30282871119738,47.0557318001834
2020-05-22,59.77988047139084,24.801360489758125,91.02145373031573,54.65984034520897
2020-05-23,44.07026478534157,32.924814652454025,80.9158767596212,44.31702634286701
2020-05-24,42.78723955019741,18.383349227347587,54.03254431524792,40.397682624204585
2020-05-25,22.950955788362624,72.33690965179264,109.07669877196422,50.49955063515676
2020-05-26,68.76514671839175,51.551471748783406,101.76834194462353,70.34258905960124
2020-05-27,60.21432185830892,57.53716234011427,89.26066511925829,65.17484767181938
2020-05-28,24.118300099999146,65.24198670251369,106.55235561848177,58.37169501360792
2020-05-29,42.29171713892892,44.89095392503401,108.05647808638221,58.597931528650875
2020-05-30,92.6612708773323,16.084420166119656,93.75266790435313,69.78136027564695
2020-05-31,39.16495125335779,47.59745792729834,105.33119955273048,59.01678441141593
2020-06-01,31.591589767297847,51.07887826146154,92.77243155023552,56.62498241722106
2020-06-02,59.15622082220504,62.1807631929031,91.21266945842703,69.26392479241818
2020-06-03,98.85203632884806,40.21616823607756,85.67502403936659,78.67763654233751
2020-06-04,39.364421720920035,18.93062119568946,97.74449756018771,38.3511155694536
2020-06-05,73.77084379247029,29.864313405910714,44.274459476376634,49.37403949790683
2020-06-06,80.9295692262974,35.41576074790446,109.27836832790356,71.41906298132741
2020-06-07,39.01100351939198,55.214206893212086,108.46591749707088,54.715386316277375
2020-06-08,78.25730788894876,49.95448132682383,32.63225547311032,59.70659292221636
2020-06-09,49.422650617540256,34.92677081284924,104.32350755082864,56.337307687276166
2020-06-10,70.58446644748636,79.05606741550858,41.59828807261007,69.97717483470142
2020-06-11,70.68237686087159,52.4042373549821,60.16069688332277,62.74210512329952
2020-06-12,62.86197472598068,26.605875421519613,96.9157430662447,61.22840682182618
2020-06-13,27.223181604352664,17.124773083428263,44.468390644347735,27.965072930124958
2020-06-14,86.82419964713904,20.70013974290324,103.6170321707156,60.46821534881426
2020-06-15,45.66240519773886,27.21704098691557,104.89207601619677,47.278053129089685
2020-06-16,34.92148083198834,21.247696128168897,75.67209603847526,38.249030683531814
2020-06-17,23.262011324381113,23.059691683591403,30.57472845451502,18.615385143965444
2020-06-18,67.27143545505935,29.956661808569297,55.83343198574215,56.78904631722992
2020-06-19,74.2051489473826,22.136151670632838,85.5234226538168,68.501858667363
2020-06-20,21.32702631422849,72.77357972384976,118.30675602246811,62.25074753724938
2020-06-21,60.96744466394248,15.616362196314954,86.86321743150015,51.474060122514715
2020-06-22,38.11966201583503,46.71579726991783,53.38232229577439,51.2046653322975
2020-06-23,71.61382323275599,38.72777788927631,87.06051327896502,65.58068492496444
2020-06-24,33.94931432039932,78.76650318360245,78.59868417442699,54.6389150945756
2020-06-25,75.27501904819728,17.842723151763664,100.18608556360293,59.96053026464363
2020-06-26,50.93882770404299,37.84989193320192,39.62825749442626,43.23768449842668
2020-06-27,94.93839909893876,77.86293032927583,98.49251122518253,88.5856968005825
2020-06-28,31.00167553167946,70.58549881257862,78.71399208084992,53.27136693766074
2020-06-29,47.285308084020684,67.19504496644959,116.66928034730952,67.93789350665645
2020-06-30,29.077881699247126,28.05319789314579,60.76849494348175,35.12382930703072
2020-07-01,93.97548946228503,21.962131117304608,86.93597038205533,73.14826899147671
2020-07-02,90.18714827047847,56.80502539471017,113.88252949590157,90.8648190267643
2020-07-03,40.63533021721245,75.05631923893101,39.225875519161136,55.427506661324365
2020-07-04,72.79872368273432,48.973402510975085,114.3505638512806,66.53700552266629
2020-07-05,85.37777601609727,50.012888262892986,91.9097150070732,63.30509181382139
2020-07-06,64.416064927957,29.59853655621989,36.10533531946547,52.98026005093393
2020-07-07,62.37204626848052,63.86450532343558,57.086721025213464,54.92832544423653
2020-07-08,39.34818327203614,23.093062399026635,93.73548797807534,44.225280941877706
2020-07-09,27.44822142447194,32.657546548297056,36.06155413218946,24.883120372866184
2020-07-10,91.77726063626613,39.780550703149174,82.39534141586459,65.29196162435065
2020-07-11,92.03344457306643,45.53272650791185,61.129475125766106,74.60974890508393
2020-07-12,70.64811658186144,26.968681269055615,85.88239659907293,64.38691779297523
2020-07-13,47.122383283896056,18.038577731744248,34.116783043126155,32.91356956646293
2020-07-14,47.93676596901287,52.74340297091428,108.43831255371387,48.52385492579894
2020-07-15,78.07645430961915,30.204138726817902,117.61400722596572,68.89104797678569
2020-07-16,91.76882079620617,50.68667549958286,117.19900697571224,86.48923447013313
2020-07-17,90.96691394120938,20.80539006919416,97.46866485686323,63.82424911886494
2020-07-18,82.3900436686099,43.67980712983722,41.70776161175688,63.557315894503276
2020-07-19,71.36253169234303,47.28126027861101,98.24368763361203,69.43783221061224
2020-07-20,26.731197199603905,13.627647577569883,32.212822481292136,26.792914867336787
2020-07-21,32.930297127569105,33.56229947357444,31.991119637609753,33.52996417544961
2020-07-22,91.88433508216634,19.409027385728198,59.12491972345872,58.7245149970856
2020-07-23,68.5143247727672,14.436247933093743,73.97788713641992,59.36647170191816
2020-07-24,20.73576412933037,79.29721626729616,99.33666760270138,53.231732600259456
2020-07-25,28.11772342928257,32.56476914823061,91.49658389458547,41.9910865404779
2020-07-26,73.08014152864446,66.69121120982444,70.13124357390734,65.90734304668506
2020-07-27,20.404926707697495,27.82484583346347,54.62639996534993,27.25878584100022
2020-07-28,32.86464411339989,57.705190555675046,119.74120501419401,53.26810665610675
2020-07-29,63.89870314932689,63.21595019227806,68.35631720123757,63.72066977297727
2020-07-30,75.35161581541546,51.6947118425491,70.6248321896708,75.86773029911834
2020-07-31,72.15690076020805,43.010333198511084,44.726143907250226,51.06727340645061
2020-08-01,37.941544756844785,38.8288639903088,101.53285938749364,42.85819646363006
2020-08-02,76.97433770780287,34.42077865800967,92.43140032033398,74.65553415283918
2020-08-03,38.97992699974401,75.06704009734781,49.86926515098844,50.9373101735147
2020-08-04,46.03197585274142,68.14335854514104,37.41429410542584,47.596490617698606
2020-08-05,79.71931240944193,77.55188374665588,91.24493718672417,86.57373220304295
2020-08-06,71.97063192377718,18.700805643988133,88.90600928530216,56.34868181346115
2020-08-07,87.93787283953424,61.1607232642551,54.59335742983884,82.36587345274609
2020-08-08,72.60903138402747,75.68383197747265,115.57772060253693,85.51483876245926
2020-08-09,65.46468826683773,22.68631463159621,43.59521026028102,45.817723534225415
2020-08-10,27.493981426247398,14.654738715674425,68.91013209383416,42.711979812920376
2020-08-11,49.41726424475468,61.878445450304135,114.9254328150839,63.22867770546867
2020-08-12,41.216189414538036,50.21311792259383,67.775458523351,52.9375986487639
2020-08-13,39.51917147032668,68.92801437307904,87.4673352897677,59.427920007073055
2020-08-14,97.84084438019565,19.784066363840264,65.78349581665148,74.52104770957419
2020-08-15,51.44781797334083,65.66871183019231,54.67936821138031,64.16795216163844
2020-08-16,91.36372441416907,24.113912403342116,118.55798831638454,76.78765433669291
2020-08-17,70.49109007978103,21.455916000599316,66.84006056835386,51.28324260201017
2020-08-18,83.58490428333187,21.498605855169508,110.4689283311221,72.63568027913679
2020-08-19,60.21096744841537,67.02023041619674,50.695914530197754,56.96215890634573
2020-08-20,66.15231077010873,56.56380544873401,49.179423362257495,69.94811792975918
2020-08-21,59.401415505509114,46.614579733838355,32.80206745960602,50.928171820240955
2020-08-22,35.61943902384356,35.118133888645175,88.65001428382965,44.248554778720724
2020-08-23,77.79616922092043,71.40403785691758,63.1673709351385,73.87617168388773
2020-08-24,42.46178899526846,37.47115751958448,107.79224248556733,47.295058802974566
2020-08-25,21.945277314516307,67.1619607630104,72.58889160224015,40.78093501405605
2020-08-26,71.63778367257342,40.73944359991529,117.13740851232495,77.47027615844841
2020-08-27,34.16885435256391,36.38611005974353,46.6972964132809,34.05524808200421
2020-08-28,95.23668674823314,42.38758499687245,108.17608511600497,76.7352809829696
2020-08-29,96.31428616020699,31.096451191489944,99.89371675125676,80.14808555043825
2020-08-30,93.18915121763588,62.33265661233758,99.38296601796468,91.09948656942713
2020-08-31,49.61269602043555,45.19042730647354,106.03049053051988,63.16434086158915
2020-09-01,21.236529322309394,26.25488866027721,98.4921591848699,43.17340152524092
2020-09-02,94.26548500701803,72.9702201292198,86.35982894682738,82.51179888879312
2020-09-03,54.254731865385146,36.8723854961248,41.81203899141488,39.44243604610377
2020-09-04,97.33238552349357,48.0487002779792,32.927356154212674,77.17294233576051
2020-09-05,97.08959816714022,73.45304776751829,112.87630630341182,91.54257548029729
2020-09-06,88.24075643738881,53.69665971397944,85.49852830686643,76.07491671198629
2020-09-07,43.55591136556686,18.182862849585483,101.68835618785587,54.21145648447554
2020-09-08,50.807818288154024,75.78824865294325,73.3370116361295,65.58893611418918
2020-09-09,88.09093372134855,53.93956371499925,40.557737006615504,70.61832223690519
2020-09-10,45.35376041250221,33.44339302599603,41.26672129822954,51.788254098201236
2020-09-11,33.5594197348874,19.749045086437107,91.70087585060742,37.8270074115956
2020-09-12,64.54410099666802,65.58176324892071,68.72753054095165,70.33128622160673
2020-09-13,94.89238193286248,53.40509291499595,48.0472254030303,73.36222954602151
2020-09-14,75.68238373399784,47.34227643834251,74.24350920672933,68.23553803416382
2020-09-15,65.6048936071492,72.57248081356704,35.778804336762065,69.37229404705977
2020-09-16,27.77411950166148,65.20180478571714,82.37742617229588,52.46226520245318
2020-09-17,69.20057813593358,20.617241581292582,54.209406399158794,54.31882321743449
2020-09-18,99.20430800834106,31.820544745688377,101.78031905734693,84.86691792589544
2020-09-19,31.20672121892192,27.3942397870126,57.932576303121635,33.58338415847464
2020-09-20,61.46637218909894,62.076240480087385,70.9698134173621,59.35397258535308
2020-09-21,90.18984575423643,12.347270431504556,31.045848591729058,49.784227754810225
2020-09-22,79.26148942033635,49.89227794099216,36.5202199015103,52.070689125887874
2020-09-23,75.76125927962144,63.37210800184834,65.32442007660163,80.23818170538716
2020-09-24,76.19872671896874,71.37359457332246,73.1944951245411,68.63429892778092
2020-09-25,48.75929209758041,33.94572241011352,84.00184933073734,50.257464520042866
2020-09-26,43.487347541159465,67.48801132704091,56.24963208383729,51.85593708601486
2020-09-27,84.74889243828109,17.744221586864505,92.54836975138883,67.74442013452317
2020-09-28,84.80907157433447,69.25166042141628,107.41101574702842,88.74092312569428
2020-09-29,89.3657854864083,18.924206363238767,100.18658900040148,74.6998398940548
2020-09-30,93.05924420451771,37.81011033922571,33.565694281352144,61.670406867452314
2020-10-01,60.90739190887503,65.81067560456876,73.24562525320461,64.010415117517
2020-10-02,60.12130357497597,20.494219914414167,39.44371605763574,45.51056072578088
2020-10-03,83.86361431734201,26.047597666284904,51.784051427627475,58.85944111316424
2020-10-04,71.99711446222122,60.55767978751464,118.79963339404318,85.96251572627361
2020-10-05,76.15735018061628,60.402557558225205,42.82459886113619,67.21923688819419
2020-10-06,83.66341355488808,54.88033430197081,74.89993381062204,76.95018276040878
2020-10-07,91.2004273454053,58.576391112697,85.63401608863072,83.61434056757497
2020-10-08,47.03961254812286,47.99071103433173,93.22184734896936,62.42875834158145
2020-10-09,50.04663621119552,27.625934123486694,80.36838151382227,50.28988243892675
2020-10-10,27.51855518726952,34.19871954527436,30.879376267726528,23.71060897098314
2020-10-11,66.26241127969392,22.7118401760998,59.38151774195927,53.81950099983196
2020-10-12,22.875381903739367,73.59153929335397,76.59404790462403,45.57717785184153
2020-10-13,57.24784145059681,50.837425633628435,37.907984923035,48.81366199124515
2020-10-14,63.411570776606126,38.05959917345479,61.55642380882627,58.36676999588021
2020-10-15,42.92330017026275,42.340406255089285,32.98827979122299,46.95284327707094
2020-10-16,67.26666084552086,76.30983377282708,37.07206474395187,64.04705138707922
2020-10-17,22.440019995123954,20.734598218125612,65.72309485814364,32.12917349762321
2020-10-18,22.987855099937153,51.036088241175804,41.94441786387543,43.7047123182726
2020-10-19,85.80804485277267,45.41220752191262,81.07867634354022,73.947185849111
2020-10-20,48.81525131290103,52.801796480425345,92.05184722235391,71.66694961595088
2020-10-21,30.16484101215078,11.267712867458835,102.05280291981745,41.700843178434255
2020-10-22,61.77946080438435,71.0486736260906,48.01352198203291,53.00322309064684
2020-10-23,81.59948424788887,75.24827977385287,45.073432403316275,76.15562064228622
2020-10-24,37.26568219974745,49.55932285124462,39.411105630096024,43.28865100568021
2020-10-25,69.83123806552001,58.76555767138246,87.2787224589273,76.44979459637395
2020-10-26,26.82779719950144,74.5749566824107,93.5828153838211,57.868855437587946
2020-10-27,24.134537693488618,59.5067044019379,32.84275303430778,35.79555085426836
2020-10-28,62.50837052545184,20.677733003998295,114.25910216193208,54.187834414864994
2020-10-29,63.25080972880852,50.340185211676925,34.677415528632515,52.617827247203714
2020-10-30,70.99439211985653,52.470053246799914,78.71667017709635,62.72894379834101
2020-10-31,78.08730669781292,39.68914699116702,93.81544675058248,66.81086954734945
2020-11-01,98.06816635700277,61.5510964937306,108.3872211371477,92.11974837615317
2020-11-02,61.30402786409562,75.40569103383103,94.2678238919185,80.47680854233784
2020-11-03,45.836517835299674,74.78979590347434,102.15552747628126,67.75966083306331
2020-11-04,83.61489558149628,41.55875599828924,60.55051732885255,60.405762745829506
2020-11-05,41.66658010096594,17.92666320885287,103.3342602371861,49.10115440167676
2020-11-06,55.11771365645089,78.93888392736342,37.210336174620764,64.66574667458688
2020-11-07,26.276510507381275,68.72286605121539,110.53349904544748,52.812900356547836
2020-11-08,22.028059473236603,18.72638768422868,79.28331385383626,31.81852297928957
2020-11-09,97.01187317423401,74.45893178321606,103.55679929662443,91.6284169550527
2020-11-10,86.87840964097647,70.89274534434898,70.70864560664701,74.92426597971114
2020-11-11,75.67793648749584,46.318663998825045,87.92199256768725,72.56036812615218
2020-11-12,52.71623555314159,51.38928050214505,77.37623948425019,56.64540908102544
2020-11-13,33.86354560566766,37.93018927090912,95.84305695797987,49.577103195237676
2020-11-14,32.514963413686885,13.833314717542194,37.34669838275306,23.439354909646212
2020-11-15,40.019431853167625,33.46380691521307,35.431687559150745,34.94790401136083
2020-11-16,63.938133176489636,66.19974140186079,52.23929106091318,65.88875401012456
2020-11-17,77.16767381600499,10.3242416103222,44.35902121018695,48.688747872677716
2020-11-18,72.8157901374185,33.344942018380095,108.46052099329815,76.73830112904993
2020-11-19,42.39471175567543,37.87180855136603,49.729258862223986,40.50656928761931
2020-11-20,96.38922245305552,47.6176922056546,117.82787302372182,87.16891712172793
2020-11-21,79.03175333566148,74.38989314889324,60.320621259399616,78.55992302374409
2020-11-22,64.34832420091206,34.24421960561729,46.390612411982936,44.633721799872646
2020-11-23,68.93765969874818,34.28672413273594,101.07286564282312,56.16537615785561
2020-11-24,53.568004994223195,61.62508736768238,89.28369979507886,55.4999870935816
2020-11-25,39.81847916009259,41.6552558622865,74.8376144807825,53.68625975202466
2020-11-26,48.47781429210093,25.722337605798735,79.98271958438681,45.19286161520522
2020-11-27,80.62768883714952,41.67076612928854,94.72816004450374,84.55170269460332
2020-11-28,21.15147909038047,19.859991426585992,50.560926719816884,23.82468432384247
2020-11-29,29.2858112405533,22.34708905543563,119.67005244510678,46.20379934191388
2020-11-30,23.68021136174022,44.885744091763584,117.73138459321048,56.56265558988066
2020-12-01,23.25830418551761,39.32478146531835,88.52931177122431,51.16291332739479
2020-12-02,88.43684672088058,74.039213074767,47.958820583623066,86.329469282777
2020-12-03,76.29262875040189,35.367572938164315,91.22054181881622,73.0425257733792
2020-12-04,57.93390632698602,50.64118451946304,36.497856808125825,56.579192510014394
2020-12-05,27.82673285208012,54.25850015436713,32.75872519852255,39.70529625806063
2020-12-06,59.32927000934659,10.916611961183355,53.19145996600923,47.46971596706334
2020-12-07,57.87774166244525,56.44761604116974,71.63606610653846,57.44444028323858
2020-12-08,33.856149592801216,22.4625176808826,108.14452548675425,41.2047407809047
2020-12-09,54.70813193903784,77.27492222286186,95.44521627896772,69.60871360511625
2020-12-10,51.88037875178988,20.406390942717906,96.84358690799829,50.57990092768533
2020-12-11,69.26800784417732,39.023688660891665,68.29440010032678,57.733850293785146
2020-12-12,70.8074920694115,15.97447676550507,61.13414932922666,55.90485616748617
2020-12-13,23.62432078176356,79.78119762921631,63.393488668614246,53.201743456222076
2020-12-14,49.9690091701177,45.15365072318698,118.88846073624521,62.75032638072322
2020-12-15,70.0687932571389,51.67695121240307,33.609827227123425,64.64709784299137
2020-12-16,60.250900686407014,14.695353417189924,108.03283465102037,50.43217772789703
2020-12-17,88.51918729506578,62.49723292794245,82.0807867715154,78.45662358382012
2020-12-18,72.69549052951561,24.693391516691,69.47538772706315,54.06672866216371
2020-12-19,33.034754166514375,72.86380026084996,95.27318943736229,48.09847196361933
2020-12-20,25.645499792034386,24.359774833740502,73.80020472822326,34.4773198625705
2020-12-21,71.39354225650524,23.34814044645666,108.60809142734945,63.814094005743094
2020-12-22,22.120904843329747,12.55847674936664,111.06316776101326,44.607877714888176
2020-12-23,66.86204650187706,43.04468615769995,67.95488341861099,63.089464204744594
2020-12-24,95.2184193139966,49.538879328383146,54.914501751154646,68.33283968409815
2020-12-25,66.03793423007032,14.599604759984665,83.3115295734026,63.331617289382024
2020-12-26,51.05359409652175,64.28693316865073,112.11270110550218,73.3405856975833
2020-12-27,71.46305747538825,41.73021843236194,48.959597010509995,60.953002186847776
2020-12-28,56.660231239321334,46.707318852930605,86.06699252071346,58.423289285433384
2020-12-29,63.6493431452748,40.853392285675966,86.84041980832686,56.65157703638816
2020-12-30,95.317184702122,38.05341426127282,95.98017201737528,76.40961715256265
2020-12-31,50.88821102406194,49.17482319157525,41.84109166145338,54.00851390031515
2021-01-01,96.89524510591313,20.866817215149876,94.42424682138797,83.01544861145217
2021-01-02,92.4280513564851,22.73496913466898,111.81292685990769,83.11331943198573
2021-01-03,35.663290783143715,70.32499347094621,46.171479798321776,45.71919228358871
2021-01-04,25.548904070013236,76.2280823493543,51.378899243148986,40.32056942199765
2021-01-05,28.062240110194132,36.131652139582705,117.42555846374756,49.060158624277406
2021-01-06,21.45774605212398,28.952127120048765,46.287925743854075,19.82989948303318
2021-01-07,27.555436860474273,55.0799680267311,106.89465840326213,53.2964790898328
2021-01-08,74.64054187330855,38.61139197686675,74.30500708032312,63.02667701428558
2021-01-09,25.695091876818317,11.77704489622414,52.25079669628593,24.500636237192378
2021-01-10,45.5180504235009,20.930681815633324,108.36749111452603,42.73821264301168
2021-01-11,87.59002487755636,60.11805601931783,70.0774729502399,78.41392436747009
2021-01-12,21.86175485886607,56.12467593371059,76.33356185367211,40.371488381971076
2021-01-13,85.15747860711487,11.896719475243845,62.33100324597891,52.76437161677493
2021-01-14,42.548381981872,25.538051335306463,83.36557662914348,31.24741065094838
2021-01-15,29.4531862097325,26.175235761165,44.71714853265205,31.385019014492975
2021-01-16,75.73897322913206,57.03249205191099,65.19733829865847,76.87995987321975
2021-01-17,70.31542774239071,11.379737642805491,117.24710901017588,70.32735303881154
2021-01-18,90.19776108216423,17.28760073892017,53.23200894310148,58.646081268447105
2021-01-19,78.80568350431086,65.99412597612326,89.1062998087163,74.01127920492678
2021-01-20,84.27847443078788,22.498126343803353,59.267105780222536,63.08596755495457
2021-01-21,42.562765805704515,55.69222754963123,99.61258131179406,52.919640234158976
2021-01-22,34.195163502377824,26.672794673270857,41.77862946465149,34.964105545197796
2021-01-23,80.04918013126867,16.96089749315416,117.28389405706902,72.40003951691783
2021-01-24,84.54677914138112,27.022053369961785,70.84105872452753,70.68288344600614
2021-01-25,99.24041136005387,60.55868522989614,51.24454170118176,77.53594920683237
2021-01-26,53.00941415291412,69.89875276744,36.61470725970114,53.778905607744456
2021-01-27,49.761446863422655,68.11539051968941,45.27821145787867,49.981069945411086
2021-01-28,82.11303685935974,37.80284707329184,76.77965537004158,63.61890185547642
2021-01-29,47.264283220241424,56.76595955994523,60.33028587881577,51.5955921943598
2021-01-30,94.46058604828518,24.348900679107466,104.59950292943485,77.29169134784269
2021-01-31,88.67302014744095,30.520341118270927,68.77987712956254,71.81651096628052
2021-02-01,54.319522190001464,72.74350729647838,52.384284532886696,55.44377543711986
2021-02-02,80.06968542331978,10.910134645751523,85.5430487943627,67.8799357090555
2021-02-03,80.36342992677459,15.985597159812766,93.60994951969013,62.3437660100563
2021-02-04,28.24990950687461,24.552037860221912,45.033771711085485,30.390483981978793
2021-02-05,92.20423253436533,11.85725427116738,45.08572946594859,54.94038004598349
2021-02-06,60.42018979582857,22.70048045628581,33.30042842401887,31.559123418239096
2021-02-07,86.11659728861933,50.81290926787845,96.27618135590765,81.97763467765998
2021-02-08,45.603968082448944,39.499718541474856,89.74240748596246,56.28460058632159
2021-02-09,91.64185827969604,72.48701977538823,72.71677881748326,80.70375305037007
2021-02-10,51.13613429873305,67.22104932169086,105.97534040722775,67.26440361344369
2021-02-11,20.86701211842387,33.927214618851316,102.51031376550479,43.69342928648879
2021-02-12,92.4305581135411,28.159640340190474,82.6818927957077,63.38682043353652
2021-02-13,27.302934142890685,36.57846857170868,108.14441524619328,43.608627305465134
2021-02-14,45.54509100723319,51.320645976036545,48.52570890330914,51.84520447519852
2021-02-15,96.0049573640644,28.764454857601336,40.07276574579551,58.37492117262546
2021-02-16,96.04857175500449,53.69042354943938,54.277465036529065,76.45469561047302
2021-02-17,65.87503104986288,38.65881565338683,35.137817048038336,44.77981460743813
2021-02-18,70.54697697358394,48.643302659638614,77.80525752009288,67.75968070086977
2021-02-19,55.87564175826558,40.52885703947217,114.29451230654654,62.77717304079633
2021-02-20,43.456861735845166,30.612603167934235,33.54091866016587,29.54473647080848
2021-02-21,46.29316362959328,76.39173148735097,40.98989226090241,60.08577648546827
2021-02-22,73.80147648616307,63.45240559118326,70.69791254550918,66.4030845455481
2021-02-23,80.1899623550144,19.80792230365168,114.04875157751144,64.79584599903309
2021-02-24,83.32632349806788,70.79275831285389,58.45404944790755,75.59464511862633
2021-02-25,83.16945142356431,44.120183877465955,75.65113278195531,75.69419417855659
2021-02-26,27.29648824389523,72.61865588258641,33.741557314535285,37.103043254738616
2021-02-27,59.553624376206514,65.98986791631206,43.350888086588,58.55234942955433
2021-02-28,24.604700801331543,39.764945312846336,118.79671106629623,50.13525870943179
2021-03-01,63.96231058589884,11.572851582408218,116.86068267924409,62.290675339836426
2021-03-02,55.32244010987016,28.807415156946227,30.444598284096866,43.274572035224445
2021-03-03,91.01633462066398,47.914395026260685,115.6630606880915,81.17995876041189
2021-03-04,48.07320100416629,54.34347538783031,87.52079440339503,53.70585089586764
2021-03-05,29.36536131420847,28.05213798032416,108.112646506802,45.151570767793764
2021-03-06,31.43933456422687,19.75492518509769,70.92658700704732,30.470767179124167
2021-03-07,80.92085053739778,68.44511657595095,76.40364257213253,61.667936338437656
2021-03-08,69.45744506530089,78.90815264924865,73.99619222312282,75.38320579283794
2021-03-09,28.08981408982322,46.79831276118801,90.01778317914939,50.607631714528864
2021-03-10,26.728544489199795,22.017550009381246,42.56861292806816,16.668597655318717
2021-03-11,76.0775305167296,29.061512856355826,32.697623088541015,48.24809020943006
2021-03-12,25.821040509135482,11.287347358322672,57.713694743207185,30.93523471573197
2021-03-13,85.7488047432285,74.00091645923493,93.4212686462982,94.04640838720286
2021-03-14,76.4993781725197,18.24257580230988,48.16681069106535,53.45979250354292
2021-03-15,26.50790245135198,50.35615328599775,90.60891899924256,42.84256630517816
2021-03-16,26.787017126815353,29.18386544810442,117.29208414965434,44.69260282224567
2021-03-17,98.93116628009403,48.792460176105536,38.451064421047654,78.66791617282914
2021-03-18,49.941663660489624,55.59942718463049,90.53419064026136,56.527677218063545
2021-03-19,49.65137176535127,68.08192625950412,69.9375197374114,55.24180767475789
2021-03-20,85.0239653806002,24.449489023242222,108.13280289397548,69.0596723651577
2021-03-21,95.7798861907087,10.769708006093634,45.94348105026473,55.54290866594182
2021-03-22,98.88008510582966,19.58199410481651,92.33633570035481,74.39525950440472
2021-03-23,80.27025482071534,73.00130492936736,105.43037606832992,91.24498639518166
2021-03-24,50.10076684247326,71.17230542937607,115.0152797526621,71.020527366162
2021-03-25,26.6800573358935,51.81891715192158,91.49232254606812,45.922400812105415
2021-03-26,82.17175327419494,52.03618023035574,74.74572876075845,70.18682011377817
2021-03-27,64.6723399788644,56.55256721823788,85.60625161810924,58.607236435042125
2021-03-28,53.937760739758104,22.27598950364147,108.20144860308464,59.70751582732422
2021-03-29,92.50835080757888,74.00883621474719,81.35487719749467,84.33861572264854
2021-03-30,28.895798584492105,39.31393674244512,32.73483537271532,31.88664782156952
2021-03-31,59.41000834326873,36.81969697746482,113.78538259562801,79.47352762322372
2021-04-01,20.908291581393527,46.324239369798626,92.0574075928405,44.256663662032885
2021-04-02,57.4928513595301,13.287617674253854,90.88620471995219,47.15099667555572
2021-04-03,24.504262054546988,21.639835812925558,49.410763715794545,26.494446533282353
2021-04-04,29.505433301445755,61.662353149845934,89.29969232093916,56.85358960584827
2021-04-05,29.40209974216839,15.795906754758853,65.44779650887426,33.095733251975524
2021-04-06,71.93682416928509,52.220647662647174,88.61096793373429,62.16541007859672
2021-04-07,79.68359034123387,27.174437677692467,39.593372727719164,60.50894569234452
2021-04-08,66.66950120777277,37.25069298293836,89.20607741427324,59.01045355392757
2021-04-09,96.97380387796335,30.20856157394899,119.94723531935999,90.90540635612611
2021-04-10,49.98964636189633,34.89709015254644,34.33908349745004,47.73200725477534
2021-04-11,42.85696690254886,60.33321336289718,117.94567657991855,60.880973297833535
2021-04-12,89.48793025515683,30.79852009362225,66.62171646505836,73.71294625735231
2021-04-13,37.88766708155621,49.648324820782804,108.36781053035332,55.85117064572063
2021-04-14,97.0578031552489,43.32352815393698,100.4146935652446,85.87276711246557
2021-04-15,20.972357975185307,56.45698157538537,81.0314634888001,46.053230244440655
2021-04-16,97.59030613661112,75.57808175273306,96.46042883261939,86.528880085695
2021-04-17,23.45279295604609,61.28004680471752,109.06640051712131,48.70594146127526
2021-04-18,91.29144909584569,25.045826501352973,66.37262894859296,71.58380237595314
2021-04-19,62.21608872690399,12.182819454289927,59.43298454069148,44.975610447344565
2021-04-20,99.43718368954403,28.358483100987755,90.08340470072262,74.22457539900289
2021-04-21,25.90372517883191,51.65545514901784,102.70613477471328,44.2141131923172
2021-04-22,64.30834275210566,13.599806943897525,98.60566212989542,58.07324121316848
2021-04-23,97.54420284952792,44.74563730408654,101.80322839727711,92.86906289166107
2021-04-24,61.847827533611905,51.778999424182246,69.20249833316397,54.96044868942205
2021-04-25,70.351891050821,33.397072357187255,103.60507945575195,66.03718040708085
2021-04-26,75.65989511876937,63.96385426220753,40.818814983354756,72.24396961179505
2021-04-27,56.36328518142186,17.461877719364026,79.00401881647646,48.82280271358685
2021-04-28,70.20464640672508,15.259644721506614,30.51827944483094,48.04573149002938
2021-04-29,66.74514495384801,60.97321293425223,59.21272469102433,58.19511365467015
2021-04-30,92.09264083927911,44.68439213443389,62.98153813842581,74.18948117369312
2021-05-01,23.63571042731663,58.18816774994152,65.65554224483299,41.46969266258462
2021-05-02,42.477055167378424,40.437913702262236,92.5920486020876,56.81696139318472
2021-05-03,96.0329187261247,27.248142326737476,64.97022911433112,75.12187814177358
2021-05-04,91.2211027112733,67.33716223719398,70.38242603602777,92.83600344409348
2021-05-05,56.45254022285704,65.95911152782855,51.378971778689476,61.18796379158286
2021-05-06,69.61060782412294,58.62875295980987,63.59266124664061,66.74144363224339
2021-05-07,42.19049463849061,29.050159606097388,50.45426645368363,40.873069999697925
2021-05-08,35.0496927779009,51.3161466808361,36.58763313915993,38.471385556979826
2021-05-09,57.09587239519857,35.26817278580188,84.31037340432401,57.68288193151311
2021-05-10,48.268178242084225,16.410745132864392,90.13915186995146,45.60813598419658
2021-05-11,66.69248894806977,74.211950282357,85.7541311408653,73.60296066826311
2021-05-12,26.218770957198785,19.5773041643273,71.71446394205151,39.913457194347686
2021-05-13,97.95158461329332,76.51661476745618,64.18072021613068,79.73420795371145
2021-05-14,98.89685955836823,41.2204041070569,107.70002846146427,89.05394950923927
